{
  "accuracy": 0.556,
  "precision": 0.5196074585635359,
  "recall": 0.9414225941422594,
  "f1_score": 0.6696428571428571,
  "mAP": 0.5127648293756482,
  "confusion_matrix": [
    [
      53,
      208
    ],
    [
      14,
      225
    ]
  ],
  "total_samples": 500,
  "valid_samples": 500,
  "unknown_count": 0,
  "inference_time_seconds": 287.6885049343109,
  "per_sample_time": 0.5753770098686218,
  "adapter_path": "./output/best_model",
  "is_baseline": false
}
