{
  "accuracy": 0.514,
  "precision": 0.48409090909090907,
  "recall": 0.9301310043668122,
  "f1_score": 0.6367713004484304,
  "mAP": 0.48226796347757045,
  "confusion_matrix": [
    [
      44,
      227
    ],
    [
      16,
      213
    ]
  ],
  "total_samples": 500,
  "valid_samples": 500,
  "unknown_count": 0,
  "inference_time_seconds": 168.37240934371948,
  "per_sample_time": 0.33674481868743894,
  "adapter_path": "./output/best_model",
  "is_baseline": true
}